1,Brooks,Bendan
2,Kris,Coopman
3,Giraud,Brewitt
4,Giustina,William
5,Max,Peach
6,Ulberto,Ughi
7,Irina,Kettlestringe
8,Yankee,Bodham
9,Delila,Cowsby
10,Delphine,Vasilik
11,Merilyn,Eyrl
12,Bret,Tuther
13,Sally,Marti
14,Tabatha,Tideswell
15,Cynthie,Bartelli
16,Frieda,Greenin
17,Alvy,Fake
18,Myer,Litzmann
19,Ajay,Elcott
20,Kristoforo,Grigore
21,Weber,Simonite
22,Pier,Seargeant
23,Dwayne,Wisbey
24,Elane,Labrum
25,Chicky,Tompkiss
26,Henrieta,Willshire
27,Stanwood,Fossey
28,Margarette,Riach
29,Nanny,Fruchter
30,Maryrose,Sneden
31,Norry,Tattersall
32,Maximilianus,Sedgeworth
33,Moses,Crolla
34,Flem,Ruegg
35,Gav,Tonkin
36,Dimitri,Slobom
37,Justinian,Roumier
38,Christie,Ingledew
39,Barny,Dafter
40,Jed,MacGilrewy
41,Lorianne,Hateley
42,Kate,Chitty
43,Hana,Willcocks
44,Nappy,Gemlbett
45,Erma,Czapla
46,Bancroft,Bourthoumieux
47,Bartholomeo,Eckels
48,Pamelina,O'Docherty
49,Alvera,Pren
50,Marley,Roux
51,Celie,Iannuzzi
52,Mariya,Cameli
53,Vere,Domican
54,Micky,Basilio
55,Carmela,Seear
56,Roscoe,Ilem
57,Norby,Burchell
58,Jaime,Jablonski
59,Adrian,Dimelow
60,Dana,Dorrance
61,Lurette,Killingbeck
62,Boyce,Dysart
63,Dorian,Covil
64,Jaclyn,Murrock
65,Issi,Jacquest
66,Becka,Rosenzwig
67,Tonya,Stannering
68,Dunc,Hawkshaw
69,Kristoffer,Gower
70,Benni,Etienne
71,Myrah,Klimkowski
72,Bink,McLauchlin
73,Roseann,Taillard
74,Cal,Sola
75,Ward,Dando
76,Jocelin,Erington
77,Chandal,Dwyr
78,Joana,Forlonge
79,Alice,Danhel
80,Maximilian,Piris
81,Lavinia,Lochhead
82,Louie,Balassi
83,Alejandrina,Breslauer
84,Jo,Gammack
85,Tildy,Lackinton
86,Sanford,Klimsch
87,Marja,Casali
88,Selle,Grastye
89,Georgette,Gothliff
90,Burke,Gosnell
91,Elmira,Golly
92,Wendeline,Luter
93,Jessee,Clipston
94,Mariejeanne,Shewsmith
95,Christine,Dickons
96,Shandeigh,Bendson
97,Andy,Garriock
98,Marshall,Carlyon
99,Jamey,Wisson
100,Talyah,Rainard
101,Marty,Mauditt
102,Kerk,Elloway
103,Findley,Riddles
104,Brendin,Ebbings
105,Sanford,Livezey
106,Aubrie,Bendson
107,Lukas,Chaudrelle
108,Mellisent,Simenel
109,Jeri,Gland
110,Aggy,Kendall
111,Aggy,Parkyns
112,Sherrie,Vango
113,Bruce,Woodruffe
114,Meredith,Chern
115,Norry,Strafford
116,Devland,Impy
117,Kelsey,Penk
118,Mallissa,Barthorpe
119,Portia,Ghidoni
120,Teddi,Carlens
121,Consolata,Pettifor
122,Gordie,Iorizzo
123,Allyson,Fowley
124,Justin,Panons
125,Bing,Dyball
126,Harman,Plaid
127,Sybilla,Cammocke
128,Patti,Torbard
129,Jeremias,Mc Giffin
130,Jeffie,Broadey
131,Danila,Cluer
132,Maureen,Sinkin
133,Dee dee,Fosbraey
134,Irving,Prin
135,Jordan,Yarrington
136,Bradan,Langfield
137,Jose,Danilowicz
138,Lorry,Adamsen
139,Brandtr,Bartolozzi
140,Aymer,Maccaig
141,Far,Chafney
142,Clemmy,Gallardo
143,Huntlee,Reuben
144,Lawry,Sifleet
145,Munmro,Stanlack
146,Salem,Kupisz
147,Huberto,Thorne
148,Vivie,Michal
149,Berton,Brabant
150,Esther,Mullinder
151,Wenda,Rayhill
152,Rudyard,Sawley
153,Van,Newlyn
154,Judith,Karslake
155,Fredek,Fadden
156,Lenna,Liptrot
157,Fania,Chalker
158,Annetta,Hazeldene
159,Gaspard,Saffen
160,Fifi,Gummer
161,Ivar,Uttley
162,Keely,Manion
163,Erek,Laughlan
164,Chrissie,Frackiewicz
165,Dare,Curness
166,Rozella,Graine
167,Korry,Lightwood
168,Michelina,Syce
169,Manya,Malcolmson
170,Laurella,Strachan
171,Constantia,Merdew
172,Jeane,Simonett
173,Dionysus,Labb
174,Bobine,Ever
175,Mata,Kulver
176,Adiana,Mawer
177,Kellyann,O'Rourke
178,Beatrix,Usher
179,Winnie,Ellerbeck
180,Charles,Yakov
181,Wanids,Findley
182,Rhianon,Everall
183,Jessey,Leebetter
184,Yuri,Dorber
185,Pavlov,Darragh
186,Manon,Millan
187,Juliette,Vasser
188,Vivie,Ackery
189,Alard,Lovett
190,Carlen,Cotter
191,Hermy,Marquis
192,Bucky,Labdon
193,Carlie,Schorah
194,Meggy,Wiszniewski
195,Gayla,Trasler
196,Nike,Tortis
197,Wes,Barclay
198,Becka,Livesay
199,Barny,Gonzalo
200,Aurilia,FitzGibbon
201,Philip,Vasenin
202,Floria,McCalum
203,Lyle,Bartke
204,Kele,De la croix
205,Arlyne,Coleridge
206,Roxy,Haster
207,Georgy,Hatherleigh
208,Jillayne,Denyukhin
209,Barton,Dunsire
210,Poppy,Fluin
211,Allen,Burbank
212,Carlee,Strotton
213,Geralda,Danielski
214,Amby,Rickersy
215,Mace,Dilloway
216,Jaine,Strethill
217,Ogden,Colles
218,Thomasin,Dearlove
219,Larisa,Munkton
220,Tabbie,Gale
221,Henri,Cadalleder
222,Janine,Sharvell
223,Viki,Rockcliff
224,Gerik,Charpin
225,Celle,Snewin
226,Terese,Gartsyde
227,Stefan,Zolini
228,Maud,Luby
229,Freda,Mylechreest
230,Florenza,Ivanin
231,Brook,Paskerful
232,Halette,Bovaird
233,De witt,Vedishchev
234,Hube,Rollitt
235,Boyd,Ferri
236,Wallie,Crebott
237,Cybill,Skyrme
238,Shanta,Malcolmson
239,Terese,Hanburry
240,Delora,Gircke
241,Rog,Van de Castele
242,Horacio,Georgeson
243,Nedda,Pally
244,James,Dunnaway
245,Menard,Simmig
246,Cullan,Weild
247,Franny,Bouldstridge
248,Margarette,Bean
249,Benedikt,Callear
250,Brande,Purse
